<?xml version="1.0" encoding="UTF-8"?>
<project-private xmlns="http://www.netbeans.org/ns/project-private/1">
    <editor-bookmarks xmlns="http://www.netbeans.org/ns/editor-bookmarks/2" lastBookmarkId="0"/>
    <open-files xmlns="http://www.netbeans.org/ns/projectui-open-files/2">
        <group>
            <file>file:/Users/ashley/Documents/Universidad/PrograDeMicros/Programacion-de-Microcontroladores/Proyecto1/MPLAB/Proyecto1.X/Macros.s</file>
            <file>file:/Users/ashley/Documents/Universidad/PrograDeMicros/Programacion-de-Microcontroladores/Proyecto1/MPLAB/Proyecto1.X/Proyecto1.s</file>
        </group>
    </open-files>
</project-private>
